{
    "jobOffer": "jobOffer",
    "jobOfferAccepted": "jobOfferAccepted",
    "jobSearchCancelled": "jobSearchCancelled",
    "userCancelledJob": "userCancelledJob",
    "jobAccepted": "jobAccepted",
    "jobAssigned": "jobAssigned",
    "driverArrived": "driverArrived",
    "jobStarted": "jobStarted",
    "jobPaused": "jobPaused",
    "jobResumed": "jobResumed",
    "jobCompleted": "jobCompleted",
    "jobTimeout": "jobTimeout",
    "spCancelledJob": "spCancelledJob",
    "driverArriving": "driverArriving",
    "locationUpdate": "locationUpdate",
    "startRideTracking": "startRideTracking",
    "stopRideTracking": "stopRideTracking",
    "updatedDriverLocation": "updatedDriverLocation",
    "toggleAppStatus": "toggleAppStatus",
    "adminMapUpdate": "adminMapUpdate",
    "joinMapRoom": "joinMapRoom",
    "leaveMapRoom": "leaveMapRoom",
    "block": "block",
    "unBlock": "unBlock",
    "accept": "accept",
    "reject": "reject",
    "messageSendingKey": "messageSendingKey",
    "messageSendingToReceiverKey": "messageSendingToReceiverKey",
    "messageDeliveredKey": "markAsRead"
}