{
    "appTitle": "test",
    "env": "development",
    "PORT": 3400,
    "baseUrl": "http://localhost:3400",
    "mongodb": {
        "host1": "mongodb://localhost:27017/",
        "host": "mongodb+srv://faizan:faizan@cluster0.m2t0w.mongodb.net/",
        "uri1": "mongodb://localhost:27017/",
        "uri": "mongodb+srv://faizan:faizan@cluster0.m2t0w.mongodb.net/",
        "db_name": "SchoolSystem",
        "credentials": {
            "username": "",
            "password": ""
        },
        "enableMongoDebugging": true
    },
    "redis": {
        "host": "test",
        "port": 123
    },
    "session": {
        "secret": "*&test&#"
    },
    "mailer": {
        "SENDGRID_API_KEY": "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",
        "fromAddress": "bilal.khursheed@vizteck.com",
        "mailerName": "SchoolSystem"
    },
    "userTypes": [
        "user",
        "company",
        "driver",
        "admin"
    ],
    "deviceTypes": [
        "ios",
        "android",
        "web"
    ],
    "verificationCodeLength": 4,
    "confirmationCodeLength": 4,
    "forgetPassCodeExpiryMinutes": 100,
    "confirmAcctCodeExpiryDays": 3,
    "postedJobApplicantsIntervalInMinutes": 5,
    "referralCodeLength": 6,
    "aws": {
        "s3": {
            "secretAccessKey": "",
            "accessKeyId": "",
            "region": "",
            "bucket": "",
            "vehicleType": "vehicleType",
            "vehicleDocumentsDirectory": "vehicleDocuments/1000X1000",
            "identityDocumentsDirectory": "identityDocuments/1000X1000",
            "profileImageDirectory": "profileImages/1000X1000",
            "profileImageResizeDirectory": "profileImages/100X100/",
            "profileImageMediumResizeDirectory": "profileImages/300X300/",
            "profileImageVehicleResizeDirectory": "profileImages/48X48/"
        }
    },
    "sns": {
        "access": {
            "secretAccessKey": "",
            "accessKeyId": "",
            "region": ""
        },
        "promotionSubscriptions": ""
    },
    "platFormApplicationArn": {
        "gcm": "",
        "apn_user": "",
        "apn_driver": ""
    },
    "googleMapsAPI": ""
}